순번,생산라인코드,생산라인명,생산일자,발생시간,종료시간,오류조치시간,비가동코드,Error_Message,품목코드,품목명,오류발생작업장명
8,D088,냉동밥 내포장#1,2025-02-16,13:40,13:50,10,W005211,교육,1BA03069,CJ낙지볶음밥*5ea,충전실
7,P022,냉동밥 외포장#2,2025-02-16,12:30,13:00,30,W007461,기기세팅,1BA03158,비비고불고기비빔밥200g,포장실
24,C088,냉동밥 취반#1,2025-03-03,21:40,22:35,55,W0034B1,품목 교체,2BA03047,시아스야채볶음밥3kg(재),쿠킹실
2,C087,냉동밥 취반#2,2025-03-06,8:30,10:54,144,W003312,전처리,2BA03157,비비고낙지비빔밥200g(재),쿠킹실
15,D087,냉동밥 내포장#2,2025-03-08,19:00,19:00,0,W0054F1,품목 교체,1BA03200,비비고새우볶음밥210g(알밥),충전실
9,D088,냉동밥 내포장#1,2025-03-09,9:00,10:00,60,W0054F2,세부 세척,1BA03211,AAF곤드레나물밥250g(알밥)*,충전실
16,D088,냉동밥 내포장#1,2025-03-09,17:09,18:01,52,W005722,공정,1BA03211,AAF곤드레나물밥250g(알밥)*,충전실
18,C088,냉동밥 취반#1,2025-03-11,5:50,7:16,86,W0034B1,품목 교체,2BA03093,비비고취나물밥200g(재),쿠킹실
16,C087,냉동밥 취반#2,2025-03-14,12:30,13:30,60,W0034C1,별도구작업,2BA03157,비비고낙지비빔밥200g(재),쿠킹실
12,C088,냉동밥 취반#1,2025-03-14,9:30,11:00,90,W0034B2,세부 세척,2BA03174,통새우볶음밥(노브랜드)(재),쿠킹실
24,C088,냉동밥 취반#1,2025-03-15,4:26,5:25,59,W0034B1,품목 교체,2BA03064,CJ해물볶음밥(재),쿠킹실
25,D088,냉동밥 내포장#1,2025-03-15,11:06,11:16,10,W0056S6,기타,1BA03070,CJ해물볶음밥/20개입,충전실
5,D087,냉동밥 내포장#2,2025-03-15,6:45,8:52,127,W0054F1,품목 교체,1BA03158,비비고불고기비빔밥200g,충전실
6,C087,냉동밥 취반#2,2025-03-16,7:40,10:00,140,W0034C1,별도구작업,2BA03200,비비고새우볶음밥210g(알밥)(재),쿠킹실
21,C088,냉동밥 취반#1,2025-03-16,19:20,20:00,40,W003318,볶음,2BA03159,비비고깍두기볶음밥200g(재),쿠킹실
25,C088,냉동밥 취반#1,2025-03-17,2:50,3:30,40,W0034C1,별도구작업,2BA03175,매콤낙지볶음밥(노브랜드)(재),쿠킹실
29,C087,냉동밥 취반#2,2025-03-18,6:50,7:30,40,W003721,충진 미종료,2BA03201,비비고닭가슴살볶음밥210g(알밥)(재),쿠킹실
16,D088,냉동밥 내포장#1,2025-03-18,17:17,19:30,133,W005722,공정,1BA03164,퀴노아렌틸콩현미볶음밥1kg,충전실
11,C088,냉동밥 취반#1,2025-03-21,23:10,0:02,52,W0034B1,품목 교체,2BA03065,CJ햄야채볶음밥(재),쿠킹실
41,D088,냉동밥 내포장#1,2025-03-22,4:13,4:37,24,W0054F1,품목 교체,1BA03004,새우볶음밥300g,충전실
14,P021,냉동밥 외포장#1,2025-03-21,11:50,13:32,102,W0079AA,기타,1BA03216,AAF게살새우볶음밥(알밥)*,포장실
6,D088,냉동밥 내포장#1,2025-03-22,10:16,10:32,16,W005722,공정,1BA03211,AAF곤드레나물밥250g(알밥)*,충전실
15,C087,냉동밥 취반#2,2025-03-23,12:00,12:20,20,W003721,충진 미종료,2BA03200,비비고새우볶음밥210g(알밥)(재),쿠킹실
16,C088,냉동밥 취반#1,2025-03-23,13:42,14:30,48,W0034B1,품목 교체,2BA03217,AAF장조림볶음밥(알밥)(재)*,쿠킹실
19,C088,냉동밥 취반#1,2025-03-23,21:30,21:59,29,W003721,충진 미종료,2BA03159,비비고깍두기볶음밥200g(재),쿠킹실
23,P021,냉동밥 외포장#1,2025-03-23,22:20,22:54,34,W0079AA,기타,1BA03159,비비고깍두기볶음밥200g,포장실
8,P021,냉동밥 외포장#1,2025-03-24,13:43,15:45,122,W0079AA,기타,1BA03006,김치볶음밥300g,포장실
8,D088,냉동밥 내포장#1,2025-03-25,19:13,20:31,78,W0056S6,기타,1BA03099,새우볶음밥-S 200g,충전실
19,D088,냉동밥 내포장#1,2025-04-07,22:02,23:05,63,W0054F1,품목 교체,1BA03065,CJ햄야채볶음밥*5ea,충전실
22,D088,냉동밥 내포장#1,2025-04-07,23:05,23:56,51,W005722,공정,1BA03065,CJ햄야채볶음밥*5ea,충전실
12,C088,냉동밥 취반#1,2025-04-11,17:30,19:00,90,W0034B2,세부 세척,2BA03034,소후레쉬야채볶음밥3kg(재),쿠킹실
21,D087,냉동밥 내포장#2,2025-04-14,0:10,0:50,40,W005722,공정,1BA03200,비비고새우볶음밥210g(알밥),충전실
10,C088,냉동밥 취반#1,2025-04-15,10:30,12:00,90,W0034B2,세부 세척,2BA03229,야채현미밥H10kg(재),쿠킹실
9,D087,냉동밥 내포장#2,2025-04-15,19:18,21:00,102,W0054F1,품목 교체,1BA03201,비비고닭가슴살볶음밥210g(알밥),충전실
23,D087,냉동밥 내포장#2,2025-04-18,9:57,10:22,25,W005722,공정,1BA03157,비비고낙지비빔밥200g,충전실
15,C088,냉동밥 취반#1,2025-04-20,16:30,17:00,30,W0034B1,품목 교체,2BA03065,CJ햄야채볶음밥(재),쿠킹실
19,C088,냉동밥 취반#1,2025-04-21,2:35,3:35,60,W0034B1,품목 교체,2BA03064,CJ해물볶음밥(재),쿠킹실
26,C087,냉동밥 취반#2,2025-04-22,2:10,3:00,50,W003721,충진 미종료,2BA03217,AAF장조림볶음밥(알밥)(재)*,쿠킹실
16,D088,냉동밥 내포장#1,2025-04-21,16:17,18:54,157,W005722,공정,1BA03094,비비고곤드레밥200g,충전실
22,D088,냉동밥 내포장#1,2025-04-21,23:00,23:49,49,W0054F1,품목 교체,1BA03093,비비고취나물밥200g,충전실
27,D088,냉동밥 내포장#1,2025-04-22,3:52,4:27,35,W0054F1,품목 교체,1BA03176,비비고시래기나물밥200g,충전실
10,D087,냉동밥 내포장#2,2025-04-24,19:32,21:15,103,W0054F2,세부 세척,1BA03216,AAF게살새우볶음밥(알밥)*,충전실
2,L002,전처리2실,2025-04-24,8:00,8:58,58,W002313,관리팀미입고(생산지연),2BA03216,AAF게살새우볶음밥(알밥)(재)*,계량실
5,D088,냉동밥 내포장#1,2025-04-26,13:06,14:29,83,W005722,공정,1BA03094,비비고곤드레밥200g,충전실
11,C087,냉동밥 취반#2,2025-04-27,11:00,11:30,30,W003721,충진 미종료,2BA03213,AAF불곱창볶음밥250g(알밥)(재)*,쿠킹실
9,C088,냉동밥 취반#1,2025-04-27,11:33,13:00,87,W0034B1,품목 교체,2BA03227,무명식당3종나물영양밥(알밥)(재),쿠킹실
9,C088,냉동밥 취반#1,2025-04-29,19:01,20:00,59,W0034B1,품목 교체,2BA03228,탄두리닭가슴살현미볶음밥10kg(재),쿠킹실
33,C087,냉동밥 취반#2,2025-05-03,3:10,4:10,60,W0034B2,세부 세척,2BA03213,AAF불곱창볶음밥250g(알밥)(재)*,쿠킹실
2,D088,냉동밥 내포장#1,2025-05-02,0:49,1:28,39,W005722,공정,1BA03072,CJ새우볶음밥/20개입,충전실
28,C088,냉동밥 취반#1,2025-05-04,5:40,7:00,80,W003721,충진 미종료,2BA03064,CJ해물볶음밥(재),쿠킹실
12,C088,냉동밥 취반#1,2025-05-04,11:00,11:40,40,W003721,충진 미종료,2BA03229,야채현미밥H10kg(재),쿠킹실
13,C088,냉동밥 취반#1,2025-05-04,16:00,17:30,90,W0034B1,품목 교체,2BA03228,탄두리닭가슴살현미볶음밥10kg(재),쿠킹실
18,D087,냉동밥 내포장#2,2025-05-10,5:48,6:30,42,W0054F2,세부 세척,1BA03200,비비고새우볶음밥210g(알밥),충전실
28,D088,냉동밥 내포장#1,2025-05-26,10:10,12:56,166,W0056S6,기타,1BA03159,비비고깍두기볶음밥200g,충전실
29,D088,냉동밥 내포장#1,2025-05-26,12:56,13:20,24,W0054F1,품목 교체,1BA03159,비비고깍두기볶음밥200g,충전실
23,C087,냉동밥 취반#2,2025-06-03,0:50,3:00,130,W003721,충진 미종료,2BA03200,비비고새우볶음밥210g(알밥)(재),쿠킹실
13,C088,냉동밥 취반#1,2025-06-02,16:30,17:30,60,W0034B1,품목 교체,2BA03055,한그릇연근우엉밥(재),쿠킹실
17,D087,냉동밥 내포장#2,2025-06-07,21:40,22:45,65,W005722,공정,1BA03158,비비고불고기비빔밥200g,충전실
3,D088,냉동밥 내포장#1,2025-06-07,0:00,1:01,61,W0054F1,품목 교체,1BA03119,홍익돈까스 야채볶음밥,충전실
10,D088,냉동밥 내포장#1,2025-06-07,14:33,15:41,68,W0056O7,기타,1BA03067,후레시스김치볶음밥,충전실
1,C088,냉동밥 취반#1,2025-06-08,5:20,6:30,70,W0034B1,품목 교체,2BA03159,비비고깍두기볶음밥200g(재),쿠킹실
21,C088,냉동밥 취반#1,2025-06-09,0:40,2:00,80,W003721,충진 미종료,2BA03214,닭가슴살볶음밥(노브랜드)(재),쿠킹실
13,C088,냉동밥 취반#1,2025-06-09,15:00,16:00,60,W003721,충진 미종료,2BA03211,AAF곤드레나물밥250g(알밥)(재)*,쿠킹실
17,C088,냉동밥 취반#1,2025-06-09,21:10,22:00,50,W0034B1,품목 교체,2BA03212,AAF3가지나물밥250g(알밥)(재)*,쿠킹실
25,C088,냉동밥 취반#1,2025-06-10,3:55,4:15,20,W0034C1,별도구작업,2BA03235,어수리나물밥10kg(재),쿠킹실
4,D088,냉동밥 내포장#1,2025-06-13,9:43,10:21,38,W0054F1,품목 교체,1BA03071,CJ햄야채볶음밥/20개입,충전실
1,C088,냉동밥 취반#1,2025-06-15,5:30,6:30,60,W0034B1,품목 교체,2BA03159,비비고깍두기볶음밥200g(재),쿠킹실
8,D087,냉동밥 내포장#2,2025-06-15,13:00,14:03,63,W005722,공정,1BA03196,"비비고불고기비빔밥(밥,참기름)-컵",충전실
2,D088,냉동밥 내포장#1,2025-06-15,6:24,8:00,96,W0054F1,품목 교체,1BA03159,비비고깍두기볶음밥200g,충전실
16,C088,냉동밥 취반#1,2025-06-16,15:00,16:30,90,W0034B2,세부 세척,2BA03093,비비고취나물밥200g(재),쿠킹실
10,D088,냉동밥 내포장#1,2025-06-17,22:09,23:30,81,W0054F1,품목 교체,1BA03230,취나물현미밥10kg,충전실
18,C087,냉동밥 취반#2,2025-06-20,4:30,5:30,60,W0034B1,품목 교체,2BA03157,비비고낙지비빔밥200g(재),쿠킹실
10,C087,냉동밥 취반#2,2025-06-20,14:00,14:30,30,W003721,충진 미종료,2BA03217,AAF장조림볶음밥(알밥)(재)*,쿠킹실
17,C087,냉동밥 취반#2,2025-06-21,17:10,18:20,70,W0034B2,세부 세척,2BA03158,비비고불고기비빔밥200g(재),쿠킹실
25,C087,냉동밥 취반#2,2025-06-22,2:00,3:00,60,W0034B2,세부 세척,2BA03158,비비고불고기비빔밥200g(재),쿠킹실
10,D088,냉동밥 내포장#1,2025-06-21,14:50,15:34,44,W005722,공정,1BA03176,비비고시래기나물밥200g,충전실
13,C088,냉동밥 취반#1,2025-06-22,9:30,10:30,60,W003711,기타,2BA03191,땡초상하이볶음밥(재),쿠킹실
14,C088,냉동밥 취반#1,2025-06-22,13:00,14:00,60,W0034B1,품목 교체,2BA03159,비비고깍두기볶음밥200g(재),쿠킹실
7,D088,냉동밥 내포장#1,2025-06-23,9:44,11:25,101,W0054F1,품목 교체,1BA03214,닭가슴살볶음밥(노브랜드),충전실
25,D088,냉동밥 내포장#1,2025-06-23,20:18,21:03,45,W005722,공정,1BA03257,옥수수볶음밥JB 1kg,충전실
27,D088,냉동밥 내포장#1,2025-06-24,2:45,3:59,74,W0054F1,품목 교체,1BA03257,옥수수볶음밥JB 1kg,충전실
15,C087,냉동밥 취반#2,2025-07-11,11:00,12:00,60,W0034B1,품목 교체,2BA03257,옥수수볶음밥JB 1kg(재),쿠킹실
14,C088,냉동밥 취반#1,2025-07-18,11:00,12:15,75,W0036K4,구동부 이상,2BA03065,CJ햄야채볶음밥(재),쿠킹실
22,D088,냉동밥 내포장#1,2025-07-19,7:18,8:42,84,W0054F1,품목 교체,1BA03064,CJ해물볶음밥*5ea,충전실
10,C088,냉동밥 취반#1,2025-07-19,16:45,17:30,45,W003318,볶음,2BA03094,비비고곤드레밥200g(재),쿠킹실
17,C088,냉동밥 취반#1,2025-07-20,9:40,11:00,80,W0034B2,세부 세척,2BA03150,요리밥케이준스파이스필라프250g(재),쿠킹실
9,C088,냉동밥 취반#1,2025-07-25,12:45,13:40,55,W0034B1,품목 교체,2BA03065,CJ햄야채볶음밥(재),쿠킹실
4,D087,냉동밥 내포장#2,2025-07-25,7:41,9:03,82,W005722,공정,1BA03200,비비고새우볶음밥210g(알밥),충전실
17,D087,냉동밥 내포장#2,2025-07-25,19:58,21:23,85,W0054F1,품목 교체,1BA03200,비비고새우볶음밥210g(알밥),충전실
16,C088,냉동밥 취반#1,2025-07-26,21:00,22:00,60,W0034B1,품목 교체,2BA03064,CJ해물볶음밥(재),쿠킹실
22,C088,냉동밥 취반#1,2025-07-27,5:00,5:30,30,W003721,충진 미종료,2BA03093,비비고취나물밥200g(재),쿠킹실
17,C088,냉동밥 취반#1,2025-07-27,19:30,20:30,60,W0034B1,품목 교체,2BA03069,CJ낙지볶음밥(재),쿠킹실
18,C088,냉동밥 취반#1,2025-07-27,20:30,21:30,60,W003318,볶음,2BA03069,CJ낙지볶음밥(재),쿠킹실
10,C088,냉동밥 취반#1,2025-07-28,12:15,13:15,60,W0034B1,품목 교체,2BA03236,찰현미새우볶음밥10kg(재),쿠킹실
15,D087,냉동밥 내포장#2,2025-07-28,17:38,19:00,82,W0054F1,품목 교체,1BA03175,매콤낙지볶음밥(노브랜드),충전실
9,D088,냉동밥 내포장#1,2025-07-28,12:39,14:22,103,W0054F1,품목 교체,1BA03236,찰현미새우볶음밥10kg,충전실
16,C088,냉동밥 취반#1,2025-08-01,21:40,22:40,60,W0034B1,품목 교체,2BA03094,비비고곤드레밥200g(재),쿠킹실
19,D087,냉동밥 내포장#2,2025-08-02,0:01,0:50,49,W0054F2,세부 세척,1BA03157,비비고낙지비빔밥200g,충전실
16,D088,냉동밥 내포장#1,2025-08-02,21:05,22:00,55,W0054F1,품목 교체,1BA03159,비비고깍두기볶음밥200g,충전실
18,C087,냉동밥 취반#2,2025-08-04,1:30,2:10,40,W003721,충진 미종료,2BA03158,비비고불고기비빔밥200g(재),쿠킹실
14,C088,냉동밥 취반#1,2025-08-03,20:20,21:20,60,W0034B2,세부 세척,2BA03257,옥수수볶음밥JB 1kg(재),쿠킹실
8,C088,냉동밥 취반#1,2025-08-04,16:20,17:15,55,W0034B1,품목 교체,2BA03185,게살볶음밥250g-QKC(재),쿠킹실
4,D088,냉동밥 내포장#1,2025-08-09,11:30,13:00,90,W0054F1,품목 교체,1BA03159,비비고깍두기볶음밥200g,충전실
22,D088,냉동밥 내포장#1,2025-08-10,22:48,23:50,62,W0054G1,별도구작업,1BA03174,통새우볶음밥(노브랜드),충전실
9,D087,냉동밥 내포장#2,2025-08-11,12:56,13:50,54,W0054F2,세부 세척,1BA03200,비비고새우볶음밥210g(알밥),충전실
11,D087,냉동밥 내포장#2,2025-08-11,13:50,14:53,63,W005722,공정,1BA03200,비비고새우볶음밥210g(알밥),충전실
4,D087,냉동밥 내포장#2,2025-08-16,8:34,10:38,124,W005722,공정,1BA03200,비비고새우볶음밥210g(알밥),충전실
24,D087,냉동밥 내포장#2,2025-08-17,8:30,9:32,62,W005722,공정,1BA03157,비비고낙지비빔밥200g,충전실
6,D087,냉동밥 내포장#2,2025-09-02,9:03,11:09,126,W0054F1,품목 교체,1BA03174,통새우볶음밥(노브랜드),충전실
1,D088,냉동밥 내포장#1,2025-09-02,1:20,2:02,42,W0054F1,품목 교체,1BA03257,옥수수볶음밥JB 1kg,충전실
18,C088,냉동밥 취반#1,2025-09-06,23:00,23:30,30,W003318,볶음,2BA03211,AAF곤드레나물밥250g(알밥)(재)*,쿠킹실
16,C088,냉동밥 취반#1,2025-09-08,18:30,19:30,60,W0034B1,품목 교체,2BA03159,비비고깍두기볶음밥200g(재),쿠킹실
6,C088,냉동밥 취반#1,2025-09-11,23:00,0:00,60,W0034B1,품목 교체,2BA03216,AAF게살새우볶음밥(알밥)(재)*,쿠킹실
12,C088,냉동밥 취반#1,2025-09-15,14:10,15:10,60,W0034B1,품목 교체,2BA03159,비비고깍두기볶음밥200g(재),쿠킹실
16,D087,냉동밥 내포장#2,2025-09-15,20:05,21:30,85,W0054F1,품목 교체,1BA03175,매콤낙지볶음밥(노브랜드),충전실
3,D088,냉동밥 내포장#1,2025-09-15,8:56,9:33,37,W0054F1,품목 교체,1BA03049,김치볶음밥-S,충전실
3,D088,냉동밥 내포장#1,2025-09-19,7:40,9:43,123,W0054F1,품목 교체,1BA03093,비비고취나물밥200g,충전실
11,D088,냉동밥 내포장#1,2025-09-19,19:30,21:30,120,W0054F1,품목 교체,1BA03176,비비고시래기나물밥200g,충전실
5,C087,냉동밥 취반#2,2025-09-21,4:40,5:30,50,W003721,충진 미종료,2BA03201,비비고닭가슴살볶음밥210g(알밥)(재),쿠킹실
18,C088,냉동밥 취반#1,2025-09-22,3:45,4:45,60,W0034B1,품목 교체,2BA03119,홍익돈까스 야채볶음밥(재),쿠킹실
19,C088,냉동밥 취반#1,2025-09-23,5:00,6:00,60,W0034B1,품목 교체,2BA03047,시아스야채볶음밥3kg(재),쿠킹실
2,D088,냉동밥 내포장#1,2025-09-22,4:16,4:54,38,W0054F1,품목 교체,1BA03119,홍익돈까스 야채볶음밥,충전실
1,D088,냉동밥 내포장#1,2025-09-26,0:19,1:20,61,W005722,공정,1BA03066,CJ새우볶음밥*5ea,충전실
14,C088,냉동밥 취반#1,2025-09-27,13:10,13:30,20,W003318,볶음,2BA03065,CJ햄야채볶음밥(재),쿠킹실
13,C088,냉동밥 취반#1,2025-09-29,7:40,8:40,60,W0034B1,품목 교체,2BA03049,김치볶음밥-S(재),쿠킹실
14,D088,냉동밥 내포장#1,2025-09-28,23:40,0:00,20,W0054F2,세부 세척,1BA03159,비비고깍두기볶음밥200g,충전실
15,C088,냉동밥 취반#1,2025-10-11,15:30,17:00,90,W003318,볶음,2BA03119,홍익돈까스 야채볶음밥(재),쿠킹실
18,D087,냉동밥 내포장#2,2025-10-12,19:45,21:50,125,W0054F1,품목 교체,1BA03201,비비고닭가슴살볶음밥210g(알밥),충전실
7,D087,냉동밥 내포장#2,2025-10-13,13:25,13:50,25,W005722,공정,1BA03175,매콤낙지볶음밥(노브랜드),충전실
15,D088,냉동밥 내포장#1,2025-10-13,19:45,21:33,108,W0054F1,품목 교체,1BA03292,AAF치즈불고기볶음밥(미니팩),충전실
15,C088,냉동밥 취반#1,2025-11-15,1:20,2:20,60,W0034B1,품목 교체,2BA03257,옥수수볶음밥JB 1kg(재),쿠킹실
12,D088,냉동밥 내포장#1,2025-11-16,13:54,14:45,51,W0054F1,품목 교체,1BA03049,김치볶음밥-S,충전실
20,C088,냉동밥 취반#1,2025-11-22,2:20,3:20,60,W0034B1,품목 교체,2BA03257,옥수수볶음밥JB 1kg(재),쿠킹실
3,D088,냉동밥 내포장#1,2025-11-30,8:56,11:00,124,W0054F1,품목 교체,1BA03066,CJ새우볶음밥*5ea,충전실
12,D088,냉동밥 내포장#1,2025-11-30,23:23,0:02,39,W0054F1,품목 교체,1BA03071,CJ햄야채볶음밥/20개입,충전실
8,D088,냉동밥 내포장#1,2025-12-04,16:50,17:50,60,W005722,공정,1BA03216,AAF게살새우볶음밥(알밥)*,충전실
1,C088,냉동밥 취반#1,2025-12-05,6:55,7:55,60,W0034B1,품목 교체,2BA03066,CJ새우볶음밥(재),쿠킹실
13,C088,냉동밥 취반#1,2025-12-06,14:00,15:00,60,W0034B1,품목 교체,2BA03064,CJ해물볶음밥(재),쿠킹실
25,D088,냉동밥 내포장#1,2025-12-13,3:00,4:00,60,W005722,공정,1BA03074,CJ햄야채볶음밥3kg,충전실
14,C088,냉동밥 취반#1,2025-12-13,11:50,12:50,60,W0034B1,품목 교체,2BA03291,AAF게살새우볶음밥(미니팩)(재),쿠킹실
15,C088,냉동밥 취반#1,2025-12-14,21:50,22:20,30,W003721,충진 미종료,2BA03159,비비고깍두기볶음밥200g(재),쿠킹실
17,C088,냉동밥 취반#1,2025-12-20,13:10,14:10,60,W0034B1,품목 교체,2BA03292,AAF치즈불고기볶음밥(미니팩)(재),쿠킹실
1,D088,냉동밥 내포장#1,2025-12-21,0:35,1:40,65,W0054F1,품목 교체,1BA03119,홍익돈까스 야채볶음밥,충전실
2,D088,냉동밥 내포장#1,2025-12-21,1:40,2:36,56,W005722,공정,1BA03119,홍익돈까스 야채볶음밥,충전실
3,D088,냉동밥 내포장#1,2025-01-16,9:50,10:44,54,W005722,공정,1BA03070,CJ해물볶음밥/20개입,충전실
14,C088,냉동밥 취반#1,2025-01-23,22:30,23:30,60,W0034B1,품목 교체,2BA03303,셰프리볶음밥(재),쿠킹실
18,D087,냉동밥 내포장#2,2025-01-24,23:02,0:00,58,W005422,설비,1BA03297,비비고새우볶음밥(홈플),충전실
16,C088,냉동밥 취반#1,2025-01-27,2:10,3:10,60,W0034B1,품목 교체,2BA03176,비비고시래기나물밥200g(재),쿠킹실
6,D087,냉동밥 내포장#2,2025-01-26,10:30,11:00,30,W005721,원료,1BA03308,타이풍볶음밥E,충전실
5,C088,냉동밥 취반#1,2025-01-27,8:50,10:00,70,W0034B1,품목 교체,2BA03284,곤드레나물밥H5kg(재),쿠킹실
8,D088,냉동밥 내포장#1,2025-01-30,0:45,1:40,55,W0054F1,품목 교체,1BA03216,AAF게살새우볶음밥(알밥)*,충전실
2,C087,냉동밥 취반#2,2025-01-30,6:10,7:00,50,W0034B1,품목 교체,2BA03157,비비고낙지비빔밥200g(재),쿠킹실
22,C087,냉동밥 취반#2,2025-02-01,0:20,2:00,100,W0034B2,세부 세척,2BA03201,비비고닭가슴살볶음밥210g(알밥)(재),쿠킹실
4,D088,냉동밥 내포장#1,2025-01-31,9:28,10:41,73,W0054F1,품목 교체,1BA03306,마음심은갈릭버터새우볶음밥,충전실
24,D088,냉동밥 내포장#1,2025-02-01,5:07,6:29,82,W0054F1,품목 교체,1BA03159,비비고깍두기볶음밥200g,충전실
8,C088,냉동밥 취반#1,2025-02-02,15:00,16:00,60,W0034B1,품목 교체,2BA03304,마음심은장조림볶음밥(재),쿠킹실
16,D088,냉동밥 내포장#1,2025-02-07,2:05,2:40,35,W0054F1,품목 교체,1BA03216,AAF게살새우볶음밥(알밥)*,충전실
4,C088,냉동밥 취반#1,2025-02-07,10:00,11:00,60,W0034B1,품목 교체,2BA03202,강원나물밥200g(알밥)(재),쿠킹실
11,C088,냉동밥 취반#1,2025-02-08,14:40,15:30,50,W003721,충진 미종료,2BA03159,비비고깍두기볶음밥200g(재),쿠킹실
20,D088,냉동밥 내포장#1,2025-02-09,22:25,0:13,108,W0054F1,품목 교체,1BA03093,비비고취나물밥200g,충전실
13,C088,냉동밥 취반#1,2025-02-20,0:40,1:40,60,W0034B1,품목 교체,2BA03119,홍익돈까스 야채볶음밥(재),쿠킹실
7,D087,냉동밥 내포장#2,2025-02-20,9:55,10:15,20,W005721,원료,1BA03174,통새우볶음밥(노브랜드),충전실
12,D087,냉동밥 내포장#2,2025-02-20,21:25,21:55,30,W005422,설비,1BA03214,닭가슴살볶음밥(노브랜드),충전실
16,D088,냉동밥 내포장#1,2025-02-23,11:58,13:23,85,W0054F1,품목 교체,1BA03049,김치볶음밥-S,충전실
3,C088,냉동밥 취반#1,2025-02-23,2:30,3:30,60,W0034B1,품목 교체,2BA03159,비비고깍두기볶음밥200g(재),쿠킹실
15,C088,냉동밥 취반#1,2025-03-22,5:45,6:45,60,W0034B1,품목 교체,2BA03299,날치알이톡톡터지는알밥(알밥)(재),쿠킹실
11,D088,냉동밥 내포장#1,2025-03-26,18:30,19:21,51,W005722,공정,1BA03225,무명식당돈육장조림비빔밥(알밥),충전실
5,C088,냉동밥 취반#1,2025-03-29,10:20,12:00,100,W0034B1,품목 교체,2BA03159,비비고깍두기볶음밥200g(재),쿠킹실
12,C088,냉동밥 취반#1,2025-04-02,21:20,22:20,60,W0034B1,품목 교체,2BA03066,CJ새우볶음밥(재),쿠킹실
5,D088,냉동밥 내포장#1,2025-04-02,15:07,15:40,33,W0054F2,세부 세척,1BA03066,CJ새우볶음밥*5ea,충전실
8,C088,냉동밥 취반#1,2025-04-04,14:30,15:30,60,W0034B1,품목 교체,2BA03069,CJ낙지볶음밥(재),쿠킹실
10,D087,냉동밥 내포장#2,2025-04-10,1:50,2:47,57,W005722,공정,1BA03119,홍익돈까스 야채볶음밥,충전실
6,D087,냉동밥 내포장#2,2025-04-11,17:58,20:00,122,W0054F1,품목 교체,1BA03158,비비고불고기비빔밥200g,충전실
4,D088,냉동밥 내포장#1,2025-04-12,8:55,10:27,92,W0054F1,품목 교체,1BA03322,게살새우볶음밥,충전실
7,D088,냉동밥 내포장#1,2025-04-12,15:36,18:59,203,W0054F1,품목 교체,1BA03321,치즈불닭볶음밥,충전실
15,C088,냉동밥 취반#1,2025-04-18,2:20,2:40,20,W003721,충진 미종료,2BA03175,매콤낙지볶음밥(노브랜드)(재),쿠킹실
1,D087,냉동밥 내포장#2,2025-04-18,8:04,10:15,131,W005722,공정,1BA03200,비비고새우볶음밥210g(알밥),충전실
7,C087,냉동밥 취반#2,2025-04-24,13:30,14:30,60,W0034B2,세부 세척,2BA03200,비비고새우볶음밥210g(알밥)(재),쿠킹실
4,D087,냉동밥 내포장#2,2025-04-24,13:43,14:20,37,W0054F2,세부 세척,1BA03200,비비고새우볶음밥210g(알밥),충전실
1,D087,냉동밥 내포장#2,2025-04-27,1:30,2:30,60,W0054F1,품목 교체,1BA03174,통새우볶음밥(노브랜드),충전실
19,C088,냉동밥 취반#1,2025-05-02,1:10,2:10,60,W0034B1,품목 교체,2BA03074,CJ햄야채볶음밥3kg(재),쿠킹실
16,C088,냉동밥 취반#1,2025-05-02,8:10,9:20,70,W0034B1,품목 교체,2BA03066,CJ새우볶음밥(재),쿠킹실
26,C088,냉동밥 취반#1,2025-05-03,1:30,2:30,60,W0034B1,품목 교체,2BA03268,요리하다오삼불고기볶음밥(재),쿠킹실
32,D088,냉동밥 내포장#1,2025-05-03,14:10,14:38,28,W005722,공정,1BA03319,하남돼지집김치볶음밥,충전실
19,D087,냉동밥 내포장#2,2025-05-04,11:15,11:26,11,W005722,공정,1BA03213,AAF불곱창깍두기볶음밥250g(알밥)*,충전실
13,C088,냉동밥 취반#1,2025-05-04,21:10,21:30,20,W003721,충진 미종료,2BA03158,비비고불고기비빔밥200g(재),쿠킹실
12,C088,냉동밥 취반#1,2025-05-09,15:15,16:15,60,W0034B1,품목 교체,2BA03065,CJ햄야채볶음밥(재),쿠킹실
2,D087,냉동밥 내포장#2,2025-05-09,12:18,13:10,52,W0054F1,품목 교체,1BA03157,비비고낙지비빔밥200g,충전실
13,C088,냉동밥 취반#1,2025-06-02,4:35,5:00,25,W003721,충진 미종료,2BA03309,짬뽕볶음밥E(재),쿠킹실
15,D088,냉동밥 내포장#1,2025-06-05,17:30,19:10,100,W0054F1,품목 교체,1BA03094,비비고곤드레밥200g,충전실
23,D087,냉동밥 내포장#2,2025-06-13,22:30,23:29,59,W005722,공정,1BA03365,NEW비비고새우볶음밥210g(알밥),충전실
12,D087,냉동밥 내포장#2,2025-06-15,21:00,0:40,-1220,W005722,공정,1BA03157,비비고낙지비빔밥200g,충전실
14,C088,냉동밥 취반#1,2025-06-20,18:15,19:15,60,W0034B1,품목 교체,2BA03069,CJ낙지볶음밥(재),쿠킹실
1,D088,냉동밥 내포장#1,2025-06-20,7:30,8:10,40,W0054F1,품목 교체,1BA03082,햄야채볶음밥3kg,충전실
16,D088,냉동밥 내포장#1,2025-06-20,19:29,20:20,51,W005722,공정,1BA03069,CJ낙지볶음밥*5ea,충전실
14,D087,냉동밥 내포장#2,2025-06-22,12:57,13:40,43,W0054F2,세부 세척,1BA03293,AAF불곱창깍두기볶음밥(미니팩),충전실
5,D088,냉동밥 내포장#1,2025-06-21,9:34,10:33,59,W005722,공정,1BA10028,쟌슨빌소시지볶음밥,충전실
12,D088,냉동밥 내포장#1,2025-06-22,17:18,18:00,42,W0054F1,품목 교체,1BA03342,장조림버터밥(롯데),충전실
15,D088,냉동밥 내포장#1,2025-06-22,18:00,19:10,70,W005722,공정,1BA03342,장조림버터밥(롯데),충전실
3,C088,냉동밥 취반#1,2025-06-25,10:10,10:20,10,W0034B1,품목 교체,2BA03119,홍익돈까스 야채볶음밥(재),쿠킹실
2,D088,냉동밥 내포장#1,2025-06-26,6:45,8:30,105,W0054F1,품목 교체,1BA03174,통새우볶음밥(노브랜드),충전실
3,C088,냉동밥 취반#1,2025-06-28,11:00,11:40,40,W003711,기타,2BA03159,비비고깍두기볶음밥200g(재),쿠킹실
16,C087,냉동밥 취반#2,2025-07-04,0:00,1:00,60,W0034B1,품목 교체,2BA03201,비비고닭가슴살볶음밥210g(알밥)(재),쿠킹실
2,D088,냉동밥 내포장#1,2025-07-03,10:23,11:41,78,W0054F1,품목 교체,1BA03368,치즈스테이크볶음밥,충전실
22,C088,냉동밥 취반#1,2025-07-05,7:10,7:45,35,W003721,충진 미종료,2BA03159,비비고깍두기볶음밥200g(재),쿠킹실
18,C088,냉동밥 취반#1,2025-07-11,5:30,6:30,60,W0034B1,품목 교체,2BA03064,CJ해물볶음밥(재),쿠킹실
19,D088,냉동밥 내포장#1,2025-07-11,6:02,7:40,98,W0054F1,품목 교체,1BA03064,CJ해물볶음밥*5ea,충전실
6,D087,냉동밥 내포장#2,2025-07-11,10:53,11:45,52,W0054F2,세부 세척,1BA03301,비비고불고기비빔밥/알밥(롯데),충전실
12,D087,냉동밥 내포장#2,2025-07-12,5:20,6:40,80,W0054F1,품목 교체,1BA03301,비비고불고기비빔밥/알밥(롯데),충전실
7,D088,냉동밥 내포장#1,2025-07-16,20:06,21:17,71,W0054F1,품목 교체,1BA03214,닭가슴살볶음밥(노브랜드),충전실
9,D088,냉동밥 내포장#1,2025-07-17,1:40,3:24,104,W0054F1,품목 교체,1BA03119,홍익돈까스 야채볶음밥,충전실
11,D088,냉동밥 내포장#1,2025-07-17,19:23,20:01,38,W005722,공정,1BA03181,불고기맛볶음밥250g-QKC,충전실
16,D087,냉동밥 내포장#2,2025-07-20,1:35,3:15,100,W0054F1,품목 교체,1BA03201,비비고닭가슴살볶음밥210g(알밥),충전실
15,D088,냉동밥 내포장#1,2025-07-19,21:59,23:43,104,W0054F1,품목 교체,1BA03175,매콤낙지볶음밥(노브랜드),충전실
17,D088,냉동밥 내포장#1,2025-07-20,2:58,4:56,118,W0054F1,품목 교체,1BA03159,비비고깍두기볶음밥200g,충전실
1,D087,냉동밥 내포장#2,2025-08-08,3:34,4:40,66,W0054F2,세부 세척,1BA03213,AAF불곱창깍두기볶음밥250g(알밥)*,충전실
2,D087,냉동밥 내포장#2,2025-08-08,4:40,5:28,48,W005722,공정,1BA03213,AAF불곱창깍두기볶음밥250g(알밥)*,충전실
15,C088,냉동밥 취반#1,2025-08-11,3:00,4:00,60,W0034B1,품목 교체,2BA03114,오늘은!새우볶음밥(재),쿠킹실
14,D087,냉동밥 내포장#2,2025-08-21,0:34,1:45,71,W0054F2,세부 세척,1BA03158,비비고불고기비빔밥200g,충전실
6,D087,냉동밥 내포장#2,2025-08-23,14:40,16:20,100,W0054F2,세부 세척,1BA03365,NEW비비고새우볶음밥210g(알밥),충전실
2,D088,냉동밥 내포장#1,2025-08-23,10:44,11:47,63,W005722,공정,1BA03381,AAF곤드레나물밥(알밥)-NEW,충전실
11,D088,냉동밥 내포장#1,2025-08-24,6:53,8:27,94,W0054F2,세부 세척,1BA03379,닭가슴살볶음밥(노브랜드)/7개입,충전실
17,D088,냉동밥 내포장#1,2025-08-25,0:28,2:30,122,W0054F1,품목 교체,1BA03368,치즈스테이크볶음밥,충전실
5,D088,냉동밥 내포장#1,2025-08-29,16:34,18:21,107,W0054F1,품목 교체,1BA03378,매콤낙지볶음밥(노브랜드)/7개입,충전실
24,D088,냉동밥 내포장#1,2025-08-30,23:29,0:10,41,W0054F2,세부 세척,1BA03159,비비고깍두기볶음밥200g,충전실
11,D087,냉동밥 내포장#2,2025-09-04,17:00,18:40,100,W0054F2,세부 세척,1BA03377,통새우볶음밥(노브랜드)/7개입,충전실
9,D087,냉동밥 내포장#2,2025-09-05,19:20,20:46,86,W0054F2,세부 세척,1BA03157,비비고낙지비빔밥200g,충전실
8,D088,냉동밥 내포장#1,2025-09-07,19:56,20:23,27,W0054F1,품목 교체,1BA03216,AAF게살새우볶음밥(알밥)*,충전실
1,D088,냉동밥 내포장#1,2025-09-08,0:18,1:32,74,W005722,공정,1BA03300,쟌슨빌소시지볶음밥(알밥),충전실
12,C088,냉동밥 취반#1,2025-09-11,19:50,20:50,60,W0034B1,품목 교체,2BA03066,CJ새우볶음밥(재),쿠킹실
10,D087,냉동밥 내포장#2,2025-09-12,14:21,15:10,49,W005422,설비,1BA03365,NEW비비고새우볶음밥210g(알밥),충전실
17,D088,냉동밥 내포장#1,2025-09-12,21:42,23:27,105,W0054F1,품목 교체,1BA03368,치즈스테이크볶음밥,충전실
16,D088,냉동밥 내포장#1,2025-09-14,7:22,9:01,99,W0054F1,품목 교체,1BA03381,AAF곤드레나물밥(알밥)-NEW,충전실
7,D087,냉동밥 내포장#2,2025-09-19,17:04,19:41,157,W0054F1,품목 교체,1BA03158,비비고불고기비빔밥200g,충전실
2,D088,냉동밥 내포장#1,2025-09-19,10:20,11:20,60,W0054F1,품목 교체,1BA03381,AAF곤드레나물밥(알밥)-NEW,충전실
4,D088,냉동밥 내포장#1,2025-10-25,7:36,9:18,102,W0054F1,품목 교체,1BA03049,김치볶음밥-S,충전실
6,D088,냉동밥 내포장#1,2025-10-25,13:38,15:27,109,W0054F1,품목 교체,1BA03224,낙지쭈꾸미볶음밥,충전실
10,D088,냉동밥 내포장#1,2025-11-06,21:30,23:13,103,W0054F1,품목 교체,1BA03385,한입밥용냉동밥,충전실
2,D088,냉동밥 내포장#1,2025-11-09,4:00,5:38,98,W0054F1,품목 교체,1BA03075,CJ새우볶음밥3kg,충전실
1,D087,냉동밥 내포장#2,2025-11-13,8:12,9:55,103,W0054F1,품목 교체,1BA03366,NEW비비고새우볶음밥(홈플),충전실
15,D087,냉동밥 내포장#2,2025-11-20,21:58,0:02,124,W0054F2,세부 세척,1BA03365,NEW비비고새우볶음밥210g(알밥),충전실
1,D088,냉동밥 내포장#1,2025-11-20,1:03,1:40,37,W0054F1,품목 교체,1BA03119,홍익돈까스 야채볶음밥,충전실
4,D088,냉동밥 내포장#1,2025-11-20,7:09,7:48,39,W005722,공정,1BA03376,시아스야채볶음밥1kg,충전실
5,C088,냉동밥 취반#1,2025-11-22,1:20,2:10,50,W0034B1,품목 교체,2BA03066,CJ새우볶음밥(재),쿠킹실
15,D087,냉동밥 내포장#2,2025-11-24,11:01,12:26,85,W0054F1,품목 교체,1BA03158,비비고불고기비빔밥200g,충전실
5,D088,냉동밥 내포장#1,2025-11-23,13:05,14:18,73,W0054F1,품목 교체,1BA03049,김치볶음밥-S,충전실
10,D088,냉동밥 내포장#1,2025-11-23,23:28,0:12,44,W005722,공정,1BA03378,매콤낙지볶음밥(노브랜드)/7개입,충전실
3,D087,냉동밥 내포장#2,2025-11-27,7:33,8:48,75,W0054F1,품목 교체,1BA03157,비비고낙지비빔밥200g,충전실
2,C088,냉동밥 취반#1,2025-11-28,0:30,1:30,60,W0034B1,품목 교체,2BA03047,시아스야채볶음밥3kg(재),쿠킹실
7,D088,냉동밥 내포장#1,2025-11-29,14:12,15:49,97,W0054F1,품목 교체,1BA03395,오양김치볶음밥,충전실
3,D087,냉동밥 내포장#2,2025-11-30,4:32,6:15,103,W0054F2,세부 세척,1BA03366,NEW비비고새우볶음밥(홈플),충전실
11,D088,냉동밥 내포장#1,2025-12-06,1:58,4:07,129,W0054F1,품목 교체,1BA03093,비비고취나물밥200g,충전실
9,D087,냉동밥 내포장#2,2025-12-07,23:31,0:06,35,W0054F2,세부 세척,1BA03213,AAF불곱창깍두기볶음밥250g(알밥)*,충전실
2,D087,냉동밥 내포장#2,2025-12-12,11:32,13:27,115,W0054F1,품목 교체,1BA03393,오양새우볶음밥,충전실
6,C088,냉동밥 취반#1,2025-12-15,23:20,0:20,60,W0034B1,품목 교체,2BA03285,콩콩푸드밥5kg(재),쿠킹실
4,D088,냉동밥 내포장#1,2025-12-15,19:27,20:00,33,W0054F1,품목 교체,1BA03049,김치볶음밥-S,충전실
10,C088,냉동밥 취반#1,2025-12-19,22:10,23:10,60,W0034B1,품목 교체,2BA03284,곤드레나물밥H5kg(재),쿠킹실
2,D088,냉동밥 내포장#1,2025-12-20,10:00,10:37,37,W0054F1,품목 교체,1BA03074,CJ햄야채볶음밥3kg,충전실
8,D088,냉동밥 내포장#1,2025-12-20,17:58,19:37,99,W0054F1,품목 교체,1BA03389,게살볶음밥E,충전실
13,D087,냉동밥 내포장#2,2025-12-22,1:48,2:15,27,W005722,공정,1BA03300,쟌슨빌소시지볶음밥(알밥),충전실
18,D088,냉동밥 내포장#1,2025-12-23,23:59,1:00,-1379,W005722,공정,1BA03281,취나물현미밥5kg,충전실
6,D087,냉동밥 내포장#2,2025-01-23,12:59,14:00,61,W0054F2,세부 세척,1BA03158,비비고불고기비빔밥200g,충전실
8,D087,냉동밥 내포장#2,2025-01-23,14:00,14:17,17,W005722,공정,1BA03158,비비고불고기비빔밥200g,충전실
1,D088,냉동밥 내포장#1,2025-02-09,6:55,8:32,97,W005722,공정,1BA03049,김치볶음밥-S,충전실
10,D088,냉동밥 내포장#1,2025-02-09,17:35,18:35,60,W005722,공정,1BA03159,비비고깍두기볶음밥200g,충전실
8,D088,냉동밥 내포장#1,2025-02-12,14:06,15:46,100,W005722,공정,1BA03389,게살볶음밥E,충전실
11,D088,냉동밥 내포장#1,2025-02-19,23:38,0:20,42,W0054F2,세부 세척,1BA03389,게살볶음밥E,충전실
9,D087,냉동밥 내포장#2,2025-02-20,16:13,17:20,67,W0054F2,세부 세척,1BA03158,비비고불고기비빔밥200g,충전실
1,D088,냉동밥 내포장#1,2025-02-20,6:30,7:20,50,W0054F2,세부 세척,1BA03389,게살볶음밥E,충전실
7,D088,냉동밥 내포장#1,2025-02-20,13:40,14:40,60,W005722,공정,1BA03389,게살볶음밥E,충전실
1,D088,냉동밥 내포장#1,2025-02-21,1:22,2:00,38,W0054F1,품목 교체,1BA10044,팔도비빔밥-진짜짜장,충전실
7,D088,냉동밥 내포장#1,2025-02-23,20:42,23:26,164,W0054F1,품목 교체,1BA03281,취나물현미밥5kg,충전실
8,D088,냉동밥 내포장#1,2025-02-23,23:27,0:44,77,W005722,공정,1BA03281,취나물현미밥5kg,충전실
3,D087,냉동밥 내포장#2,2025-02-25,21:10,22:45,95,W0054F1,품목 교체,1BA03374,비비고소고기볶음밥200g(알밥),충전실
16,D087,냉동밥 내포장#2,2025-02-27,19:53,21:28,95,W0054F2,세부 세척,1BA03158,비비고불고기비빔밥200g,충전실
2,D088,냉동밥 내포장#1,2025-02-28,6:10,8:10,120,W005722,공정,1BA03389,게살볶음밥E,충전실
16,D088,냉동밥 내포장#1,2025-02-28,6:57,8:43,106,W005722,공정,1BA03369,팔도산채나물밥(알밥),충전실
2,D087,냉동밥 내포장#2,2025-03-04,8:53,10:32,99,W005722,공정,1BA03365,NEW비비고새우볶음밥210g(알밥),충전실
11,D088,냉동밥 내포장#1,2025-03-05,19:30,2:51,-999,W005722,공정,1BA03369,팔도산채나물밥(알밥),충전실
5,D088,냉동밥 내포장#1,2025-03-08,20:53,23:02,129,W005722,공정,1BA03415,한가득낙지볶음밥,충전실
12,D087,냉동밥 내포장#2,2025-03-13,4:52,6:40,108,W005722,공정,1BA03201,비비고닭가슴살볶음밥210g(알밥),충전실
11,D087,냉동밥 내포장#2,2025-03-14,21:32,23:00,88,W005722,공정,1BA03158,비비고불고기비빔밥200g,충전실
1,D088,냉동밥 내포장#1,2025-03-14,2:52,3:50,58,W0054F1,품목 교체,1BA03094,비비고곤드레밥200g,충전실
3,D087,냉동밥 내포장#2,2025-03-19,8:18,9:48,90,W0054F1,품목 교체,1BA03374,비비고소고기볶음밥200g(알밥),충전실
9,D087,냉동밥 내포장#2,2025-03-19,17:01,18:45,104,W0054F1,품목 교체,1BA03373,비비고햄야채볶음밥200g(알밥),충전실
8,D087,냉동밥 내포장#2,2025-03-24,20:50,22:23,93,W0054F1,품목 교체,1BA03378,매콤낙지볶음밥(노브랜드)/7개입,충전실
1,D087,냉동밥 내포장#2,2025-04-23,22:50,0:47,-1323,W0054F1,품목 교체,1BA10029,비비고불고기비빔밥(롯데),충전실
3,D088,냉동밥 내포장#1,2025-04-23,7:57,9:30,93,W0054F1,품목 교체,1BA03377,통새우볶음밥(노브랜드)/7개입,충전실
10,D088,냉동밥 내포장#1,2025-04-29,2:58,4:33,95,W0054F1,품목 교체,1BA03202,강원나물밥200g(알밥),충전실
16,D088,냉동밥 내포장#1,2025-05-01,17:46,18:45,59,W0054F1,품목 교체,1BA03273,하나로치킨데리야끼볶음밥,충전실
5,D087,냉동밥 내포장#2,2025-05-08,14:20,14:48,28,W005722,공정,1BA03384,비비고불고기비빔밥(EMT)/알밥,충전실
2,D088,냉동밥 내포장#1,2025-05-16,1:00,1:00,0,W005722,공정,1BA03349,담두낙지볶음밥,충전실
16,D088,냉동밥 내포장#1,2025-05-16,18:10,19:14,64,W005722,공정,1BA03345,퀴노아렌틸콩잡곡밥(도시락용),충전실
19,D088,냉동밥 내포장#1,2025-05-17,23:00,0:33,-1347,W005722,공정,1BA03403,보리귀리렌틸콩밥E,충전실
6,D087,냉동밥 내포장#2,2025-05-19,22:58,0:38,100,W0054F2,세부 세척,1BA03416,한가득중화풍볶음밥,충전실
11,D087,냉동밥 내포장#2,2025-05-20,23:10,23:50,40,W005722,공정,1BA03436,비비고소고기볶음밥(200g),충전실
9,D088,냉동밥 내포장#1,2025-05-20,19:53,21:22,89,W0054F2,세부 세척,1BA03389,게살볶음밥E,충전실
5,D088,냉동밥 내포장#1,2025-05-22,15:01,15:59,58,W005722,공정,1BA03047,시아스야채볶음밥3kg,충전실
9,D088,냉동밥 내포장#1,2025-05-22,19:38,21:16,98,W005722,공정,1BA03094,비비고곤드레밥200g,충전실
4,D087,냉동밥 내포장#2,2025-05-28,12:04,15:20,196,W005722,공정,1BA03415,한가득낙지볶음밥,충전실
16,D087,냉동밥 내포장#2,2025-06-03,22:53,22:57,4,W0054F2,세부 세척,1BA03213,AAF불곱창깍두기볶음밥250g(알밥)*,충전실
14,D088,냉동밥 내포장#1,2025-06-03,19:53,20:45,52,W0054F1,품목 교체,1BA03315,위즈메택불고기맛볶음밥,충전실
14,D088,냉동밥 내포장#1,2025-06-11,20:42,21:25,43,W0054F2,세부 세척,1BA03389,게살볶음밥E,충전실
13,D087,냉동밥 내포장#2,2025-06-13,17:02,18:21,79,W0054F2,세부 세척,1BA03406,CJ김치볶음밥(수출용),충전실
8,D087,냉동밥 내포장#2,2025-06-17,5:10,5:49,39,W005722,공정,1BA03416,한가득중화풍볶음밥,충전실
3,D088,냉동밥 내포장#1,2025-06-18,13:26,14:00,34,W0054F1,품목 교체,1BA03437,게살볶음밥-F,충전실
15,D088,냉동밥 내포장#1,2025-06-20,5:20,8:46,206,W005722,공정,1BA03284,곤드레나물밥H5kg,충전실
16,D088,냉동밥 내포장#1,2025-06-20,12:22,12:43,21,W005722,공정,1BA03286,어수리나물밥5kg,충전실
17,D088,냉동밥 내포장#1,2025-06-20,19:16,20:00,44,W0054F1,품목 교체,1BA03282,퀴노아렌틸콩현미볶음밥5kg,충전실
8,D088,냉동밥 내포장#1,2025-06-24,12:30,13:00,30,W005722,공정,1BA03389,게살볶음밥E,충전실
13,D088,냉동밥 내포장#1,2025-06-24,19:42,21:00,78,W005722,공정,1BA03216,AAF게살새우볶음밥(알밥)*,충전실
1,D088,냉동밥 내포장#1,2025-08-07,4:00,4:48,48,W0054F1,품목 교체,1BA03389,게살볶음밥E,충전실
6,D088,냉동밥 내포장#1,2025-08-26,11:40,13:08,88,W0054F1,품목 교체,1BA03437,게살볶음밥-F,충전실
8,D087,냉동밥 내포장#2,2025-09-05,18:13,20:13,120,W0054F1,품목 교체,1BA03461,철판직화볶음밥,충전실
1,D087,냉동밥 내포장#2,2025-09-09,8:19,10:50,151,W0054F1,품목 교체,1BA03461,철판직화볶음밥,충전실
5,D088,냉동밥 내포장#1,2025-09-16,14:05,14:33,28,W005722,공정,1BA03216,AAF게살새우볶음밥(알밥)*,충전실
3,D088,냉동밥 내포장#1,2025-09-17,17:38,18:06,28,W0054F1,품목 교체,1BA03456,한끼든든김치볶음밥,충전실
2,D088,냉동밥 내포장#1,2025-09-25,1:10,2:16,66,W005722,공정,1BA03412,리얼통새우볶음밥,충전실
2,D087,냉동밥 내포장#2,2025-10-01,7:35,13:18,343,W0054F1,품목 교체,1BA03415,한가득낙지볶음밥,충전실
6,D088,냉동밥 내포장#1,2025-10-09,4:00,5:45,105,W0054F2,세부 세척,1BA03454,Sias새우볶음밥,충전실
9,D088,냉동밥 내포장#1,2025-10-13,20:52,22:40,108,W0054F1,품목 교체,1BA03389,게살볶음밥E,충전실
4,D088,냉동밥 내포장#1,2025-10-15,8:00,9:30,90,W0054G1,별도구작업,1BA03415,한가득낙지볶음밥,충전실
1,D088,냉동밥 내포장#1,2025-10-18,9:24,11:33,129,W0054F1,품목 교체,1BA03347,탄두리치킨볶음밥(도시락용),충전실
2,D088,냉동밥 내포장#1,2025-10-18,13:45,15:35,110,W0054F1,품목 교체,1BA03345,퀴노아렌틸콩잡곡밥(도시락용),충전실
7,D088,냉동밥 내포장#1,2025-10-21,19:26,22:23,177,W0054F2,세부 세척,1BA03415,한가득낙지볶음밥,충전실
7,D088,냉동밥 내포장#1,2025-10-24,10:24,10:25,1,W0054F1,품목 교체,1BA03478,Homeplus signature 곤드레버섯나물밥(알밥),충전실
4,C088,냉동밥 취반#1,2025-10-24,19:00,20:00,60,W0034B1,품목 교체,2BA03477,signature 낙지볶음밥(알밥)(재),쿠킹실
5,D087,냉동밥 내포장#2,2025-11-27,13:32,15:05,93,W0054F1,품목 교체,1BA03371,비비고닭갈비볶음밥(알밥),충전실
9,D087,냉동밥 내포장#2,2025-11-27,15:20,22:33,433,W0054E1,시생산,1BA03371,비비고닭갈비볶음밥(알밥),충전실
1,D087,냉동밥 내포장#2,2025-12-03,4:36,5:10,34,W0054F1,품목 교체,1BA03484,중화풍볶음밥-C,충전실
3,D087,냉동밥 내포장#2,2025-12-09,8:46,9:45,59,W0054F1,품목 교체,1BA03416,한가득중화풍볶음밥,충전실
9,D088,냉동밥 내포장#1,2025-12-11,17:23,19:05,102,W0054F1,품목 교체,1BA03368,치즈스테이크볶음밥,충전실
13,D088,냉동밥 내포장#1,2025-12-12,23:41,0:57,-1364,W0054F1,품목 교체,1BA03288,한그릇연근우엉밥3kg,충전실
15,D088,냉동밥 내포장#1,2025-12-16,5:02,6:29,87,W005722,공정,1BA03432,김민교의사와디밥돼지고기바질볶음밥,충전실
3,D088,냉동밥 내포장#1,2025-12-23,6:17,7:50,93,W0054F2,세부 세척,1BA03049,김치볶음밥-S,충전실
7,D088,냉동밥 내포장#1,2025-12-23,13:37,14:07,30,W005722,공정,1BA03049,김치볶음밥-S,충전실
3,D088,냉동밥 내포장#1,2025-12-26,10:37,10:56,19,W005722,공정,1BA03456,한끼든든김치볶음밥,충전실
8,D087,냉동밥 내포장#2,2025-01-02,15:30,16:54,84,W0054F1,품목 교체,1BA03438,새우볶음밥-F,충전실
4,D088,냉동밥 내포장#1,2025-01-02,10:00,10:43,43,W0054F1,품목 교체,1BA03049,김치볶음밥-S,충전실
10,D088,냉동밥 내포장#1,2025-01-15,3:40,5:11,91,W0054F2,세부 세척,1BA03389,게살볶음밥E,충전실
10,D087,냉동밥 내포장#2,2025-01-20,13:14,16:16,182,W0054F1,품목 교체,1BA03323,해물철판볶음밥,충전실
2,D088,냉동밥 내포장#1,2025-01-22,11:29,12:24,55,W005722,공정,1BA03316,위즈메택김치볶음밥,충전실
8,D087,냉동밥 내포장#2,2025-02-03,15:40,16:28,48,W005722,공정,1BA03416,한가득중화풍볶음밥,충전실
6,D087,냉동밥 내포장#2,2025-02-06,10:25,13:39,194,W0054G1,별도구작업,1BA03415,한가득낙지볶음밥,충전실
7,D087,냉동밥 내포장#2,2025-04-07,22:53,0:51,118,W0054F1,품목 교체,1BA03271,하나로햄야채볶음밥,충전실
7,D088,냉동밥 내포장#1,2025-04-10,11:29,12:41,72,W005722,공정,1BA03343,병아리콩잡곡밥(도시락용),충전실
2,D088,냉동밥 내포장#1,2025-04-22,16:50,17:50,60,W0054F1,품목 교체,1BA03256,NEW김치볶음밥300g,충전실
5,D088,냉동밥 내포장#1,2025-04-22,22:56,0:34,98,W0054F1,품목 교체,1BA03511,(쿠팡)곰곰대패삼겹볶음밥,충전실
4,D088,냉동밥 내포장#1,2025-04-27,16:00,16:52,52,W005722,공정,1BA03389,게살볶음밥E,충전실
6,D087,냉동밥 내포장#2,2025-04-29,17:41,18:50,69,W005722,공정,1BA03255,NEW낙지볶음밥300g,충전실
1,D088,냉동밥 내포장#1,2025-04-29,4:32,5:17,45,W0054F1,품목 교체,1BA03415,한가득낙지볶음밥,충전실
3,D088,냉동밥 내포장#1,2025-04-29,10:03,11:42,99,W0054F1,품목 교체,1BA03245,깍두기밥5kg,충전실
8,D088,냉동밥 내포장#1,2025-05-07,3:10,4:09,59,W0054F2,세부 세척,1BA03515,(쿠팡)곰곰갈비맛치킨밥,충전실
2,D088,냉동밥 내포장#1,2025-05-08,13:22,16:00,158,W0054F1,품목 교체,1BA03049,김치볶음밥-S,충전실
5,D088,냉동밥 내포장#1,2025-05-19,19:28,20:11,43,W0054F2,세부 세척,1BA03389,게살볶음밥E,충전실
10,D088,냉동밥 내포장#1,2025-05-20,17:04,18:23,79,W005722,공정,1BA03049,김치볶음밥-S,충전실
4,D087,냉동밥 내포장#2,2025-05-28,12:10,15:00,170,W0054F1,품목 교체,1BA03256,NEW김치볶음밥300g,충전실
6,D088,냉동밥 내포장#1,2025-05-29,12:35,14:32,117,W0054F1,품목 교체,1BA03415,한가득낙지볶음밥,충전실
4,D088,냉동밥 내포장#1,2025-06-02,1:34,2:00,26,W0054F2,세부 세척,1BA03389,게살볶음밥E,충전실
4,D088,냉동밥 내포장#1,2025-06-05,21:05,22:10,65,W0054F1,품목 교체,1BA03191,땡초상하이볶음밥,충전실
5,D088,냉동밥 내포장#1,2025-06-05,22:10,23:40,90,W005722,공정,1BA03191,땡초상하이볶음밥,충전실
2,D087,냉동밥 내포장#2,2025-06-12,11:30,12:40,70,W0054F2,세부 세척,1BA03501,CJ새우볶음밥(수출용-costco),충전실
2,D087,냉동밥 내포장#2,2025-06-15,12:31,13:30,59,W0054F1,품목 교체,1BA03537,마오나게살볶음밥,충전실
3,D087,냉동밥 내포장#2,2025-06-15,13:30,15:23,113,W005722,공정,1BA03537,마오나게살볶음밥,충전실
11,D087,냉동밥 내포장#2,2025-08-07,16:58,19:50,172,W0054F1,품목 교체,1BA03254,NEW치킨데리야끼볶음밥300g,충전실
5,D088,냉동밥 내포장#1,2025-08-19,19:37,21:25,108,W0054F1,품목 교체,1BA03252,NEW소불고기볶음밥300g,충전실
6,D088,냉동밥 내포장#1,2025-08-27,7:40,10:35,175,W0054G1,별도구작업,1BA03473,Homeplus signature 날치알이톡톡터지는날치알밥,충전실
6,D088,냉동밥 내포장#1,2025-09-09,14:58,17:20,142,W0054F1,품목 교체,1BA03250,NEW새우볶음밥300g,충전실
9,D088,냉동밥 내포장#1,2025-09-10,23:15,0:00,45,W0054F1,품목 교체,1BA03368,치즈스테이크볶음밥,충전실
8,D088,냉동밥 내포장#1,2025-09-11,20:30,21:25,55,W005722,공정,1BA03415,한가득낙지볶음밥,충전실
2,D088,냉동밥 내포장#1,2025-09-12,16:01,17:35,94,W0054F1,품목 교체,1BA03456,한끼든든김치볶음밥,충전실
6,D088,냉동밥 내포장#1,2025-09-16,17:28,19:03,95,W0054F1,품목 교체,1BA03288,한그릇연근우엉밥3kg,충전실
1,D088,냉동밥 내포장#1,2025-09-19,12:24,12:24,0,W0054F1,품목 교체,1BA03511,(쿠팡)곰곰대패삼겹볶음밥,충전실
5,D087,냉동밥 내포장#2,2025-09-21,16:25,17:44,79,W005722,공정,1BA03574,명품필라프용밥,충전실
7,D088,냉동밥 내포장#1,2025-09-25,0:24,3:00,156,W0054F1,품목 교체,1BA03564,대삼식당삼겹김치볶음밥,충전실
1,D088,냉동밥 내포장#1,2025-10-06,13:17,17:20,243,W0054F1,품목 교체,1BA03562,(쿡)병아리콩잡곡밥1kg,충전실
6,D088,냉동밥 내포장#1,2025-10-08,8:30,11:00,150,W0054F1,품목 교체,1BA03471,Homeplussignature 곤드레버섯나물밥,충전실
5,D088,냉동밥 내포장#1,2025-10-08,16:39,19:30,171,W0054F1,품목 교체,1BA03049,김치볶음밥-S,충전실
1,D088,냉동밥 내포장#1,2025-10-15,7:16,8:40,84,W0054F1,품목 교체,1BA03540,(쿠팡)곰곰차돌깍두기볶음밥,충전실
6,D088,냉동밥 내포장#1,2025-10-16,22:15,2:00,225,W0054F1,품목 교체,1BA03563,(쿡)퀴노아렌틸잡곡밥1kg,충전실
6,D088,냉동밥 내포장#1,2025-10-23,20:34,22:20,106,W0054F1,품목 교체,1BA03513,(쿠팡)곰곰닭갈비볶음밥,충전실
3,D088,냉동밥 내포장#1,2025-10-26,17:20,18:50,90,W005722,공정,1BA03389,게살볶음밥E,충전실
12,D088,냉동밥 내포장#1,2025-10-28,19:20,20:20,60,W005722,공정,1BA03351,담두햄야채볶음밥,충전실
1,D087,냉동밥 내포장#2,2025-10-31,2:56,5:02,126,W0054F1,품목 교체,1BA03476,철판직화김치볶음밥,충전실
4,D088,냉동밥 내포장#1,2025-11-06,19:44,21:20,96,W0054F1,품목 교체,1BA03480,Homeplus signature 날치알이톡톡터지는날치알밥(알밥),충전실
5,C002,쿠커 #2,2025-01-19,20:52,21:42,50,W003443,연구 규격 확인 대기,23A01107,김치삼각밥용 볶음T(재),쿠킹실
2,D088,냉동밥 내포장#1,2025-01-28,14:51,17:15,144,W0054F1,품목 교체,1BA03049,김치볶음밥-S,충전실
10,C002,쿠커 #2,2025-02-05,16:23,17:28,65,W003442,QA 규격 확인 대기,23A01107,김치삼각밥용 볶음T(재),쿠킹실
5,D088,냉동밥 내포장#1,2025-02-07,20:20,10:20,-600,W005722,공정,1BA03603,통통낙지볶음밥 3kg(도시락용-자사생산),충전실
3,D088,냉동밥 내포장#1,2025-02-19,12:00,13:00,60,W005722,공정,1BA03593,The 통통한 낙지볶음밥,충전실
5,D087,냉동밥 내포장#2,2025-02-23,16:52,18:43,111,W0054F1,품목 교체,1BA03508,직화새우볶음밥용냉동밥,충전실
2,D088,냉동밥 내포장#1,2025-03-02,10:47,12:30,103,W0054F1,품목 교체,1BA03317,위즈메택새우볶음밥,충전실
2,D088,냉동밥 내포장#1,2025-03-03,12:03,14:40,157,W0054F1,품목 교체,1BA03049,김치볶음밥-S,충전실
1,D087,냉동밥 내포장#2,2025-03-09,11:42,15:20,218,W0054F1,품목 교체,1BA03541,(쿠팡)곰곰포크&스크램블볶음밥,충전실
5,D088,냉동밥 내포장#1,2025-03-17,21:54,0:00,-1314,W0054F1,품목 교체,1BA03202,강원나물밥200g(알밥),충전실
4,D088,냉동밥 내포장#1,2025-03-19,22:07,0:00,-1327,W0054F1,품목 교체,1BA03480,Homeplus signature 날치알이톡톡터지는날치알밥(알밥),충전실
5,D088,냉동밥 내포장#1,2025-05-26,5:21,6:00,39,W0054F1,품목 교체,1BA03249,NEW햄야채볶음밥300g,충전실
6,D088,냉동밥 내포장#1,2025-05-26,6:00,7:00,60,W005722,공정,1BA03249,NEW햄야채볶음밥300g,충전실
5,D088,냉동밥 내포장#1,2025-05-28,4:37,6:41,124,W0054F1,품목 교체,1BA03584,야채곱창볶음밥,충전실
3,D088,냉동밥 내포장#1,2025-06-04,8:48,10:40,112,W0054F1,품목 교체,1BA03513,(쿠팡)곰곰닭갈비볶음밥,충전실
5,D088,냉동밥 내포장#1,2025-06-05,0:13,2:41,148,W005722,공정,1BA03597,병아리콩잡곡밥 3kg(도시락용),충전실
5,D088,냉동밥 내포장#1,2025-09-25,23:39,0:30,-1389,W0054F1,품목 교체,1BA03679,(1)한그릇연근우엉밥(혼합미),충전실
8,D088,냉동밥 내포장#1,2025-10-01,10:32,13:03,151,W0054F1,품목 교체,1BA03339,굿프랜즈치즈불고기볶음밥,충전실
10,D087,냉동밥 내포장#2,2025-10-13,6:48,8:39,111,W0054G1,별도구작업,1BA03593,The 통통한 낙지볶음밥,충전실
3,D087,냉동밥 내포장#2,2025-10-13,20:27,22:46,139,W0054F1,품목 교체,1BA03573,감자탕볶음밥,충전실
7,D088,냉동밥 내포장#1,2025-10-19,2:35,4:54,139,W0054F2,세부 세척,1BA03640,(1)게살볶음밥E,충전실
4,D087,냉동밥 내포장#2,2025-10-20,0:17,0:18,1,W0054F1,품목 교체,1BA03513,(쿠팡)곰곰닭갈비볶음밥,충전실
7,D087,냉동밥 내포장#2,2025-10-28,14:15,14:35,20,W005722,공정,1BA03638,(1)Homeplus signature 날치알이톡톡터지는날치알밥(알밥),충전실
